Seeker_ID,Job_ID
S0003,J0010
S0018,J0052
S0025,J0002
S0028,J0070
S0031,J0028
S0032,J0052
S0034,J0020
S0038,J0004
S0056,J0043
S0061,J0053
S0065,J0020
S0068,J0063
S0078,J0046
S0079,J0003
S0085,J0010
S0089,J0046
S0097,J0053
S0100,J0019
S0104,J0053
S0109,J0054
S0121,J0026
S0128,J0008
S0130,J0002
S0132,J0013
S0151,J0056
S0158,J0026
S0159,J0052
S0169,J0068
S0170,J0052
S0172,J0027
S0173,J0069
S0175,J0046
S0176,J0020
S0178,J0053
S0199,J0056
S0207,J0069
S0210,J0053
S0223,J0068
S0245,J0070
S0248,J0028
S0262,J0002
S0273,J0019
S0282,J0034
S0291,J0048
S0300,J0019
S0308,J0052
S0330,J0046
S0331,J0007
S0335,J0020
S0340,J0046
S0359,J0028
S0363,J0017
S0381,J0008
S0387,J0010
